<?xml version="1.0" encoding="UTF-8"?><?xml-stylesheet type='text/xsl' href='_UpgradeReport_Files/UpgradeReport.xslt'?><UpgradeLog>
<Properties><Property Name="Solution" Value="qftab">
</Property><Property Name="Solution File" Value="L:\main\dsa\qftab\qftab.sln">
</Property><Property Name="Date" Value="Thursday, February 11, 2016">
</Property><Property Name="Time" Value="11:30 AM">
</Property></Properties><Event ErrorLevel="0" Project="" Source="qftab.sln" Description="Solution converted successfully">
</Event><Event ErrorLevel="3" Project="" Source="qftab.sln" Description="Converted">
</Event></UpgradeLog>