ID,SITE_NAME,iGRP,FuelRegion,TotalCap,LAT,LON,ORD,SOURCE_TYPE,STATE,OGSM_Region,CensusRegion
1,UP_1_1,-1,1,0,41.261,-72.055,1,GEN,CT,1,1
2,UP_1_2,-1,1,0,41.428,-72.102,2,GEN,CT,1,1
3,UP_1_3,-1,1,0,41.073,-73.41,3,GEN,CT,1,1
4,UP_1_4,-1,1,0,41.555,-72.578,4,GEN,CT,1,1
5,UP_1_5,-1,1,0,41.171,-73.184,5,GEN,CT,1,1
6,UP_1_6,-1,1,0,41.923,-72.625,6,GEN,CT,1,1
7,UP_1_7,-1,1,0,41.764,-72.693,7,GEN,CT,1,1
8,UP_1_8,-1,1,0,41.169,-73.184,8,GEN,CT,1,1
9,UP_1_9,-1,1,0,41.553,-72.598,9,GEN,CT,1,1
10,UP_1_10,-1,1,0,42.281,-72.605,10,GEN,MA,1,1
11,UP_1_11,-1,1,0,41.738,-71.145,11,GEN,MA,1,1
12,UP_1_12,-1,1,0,42.526,-70.877,12,GEN,MA,1,1
13,UP_1_13,-1,1,0,42.095,-72.595,13,GEN,MA,1,1
14,UP_1_14,-1,1,0,41.865,-71.106,14,GEN,MA,1,1
15,UP_1_15,-1,1,0,42.2,-72.61,15,GEN,MA,1,1
16,UP_1_16,-1,1,0,42.363,-71.079,16,GEN,MA,1,1
17,UP_1_17,-1,1,0,42.235,-70.967,17,GEN,MA,1,1
18,UP_1_18,-1,1,0,42.198,-72.511,18,GEN,MA,1,1
19,UP_1_19,-1,1,0,42.093,-71.483,19,GEN,MA,1,1
20,UP_1_20,-1,1,0,42.158,-72.523,20,GEN,MA,1,1
21,UP_1_21,-1,1,0,42.64,-71.323,21,GEN,MA,1,1
22,UP_1_22,-1,1,0,42.456,-73.218,22,GEN,MA,1,1
23,UP_1_23,-1,1,0,41.673,-70.999,23,GEN,MA,1,1
24,UP_1_24,-1,1,0,42.633,-71.317,24,GEN,MA,1,1
25,UP_1_25,-1,1,0,42.129,-71.511,25,GEN,MA,1,1
26,UP_1_26,-1,1,0,41.831,-71.124,26,GEN,MA,1,1
27,UP_1_27,-1,1,0,42.112,-72.015,27,GEN,MA,1,1
28,UP_1_28,-1,1,0,44.551,-70.541,28,GEN,ME,1,1
29,UP_1_29,-1,1,0,43.751,-70.157,29,GEN,ME,1,1
30,UP_1_30,-1,1,0,46.848,-68.003,30,GEN,ME,1,1
31,UP_1_31,-1,1,0,44.824,-68.709,31,GEN,ME,1,1
32,UP_1_32,-1,1,0,44.53,-70.522,32,GEN,ME,1,1
33,UP_1_33,-1,1,0,43.658,-70.375,33,GEN,ME,1,1
34,UP_1_34,-1,1,0,43.141,-71.469,34,GEN,NH,1,1
35,UP_1_35,-1,1,0,43.098,-70.784,35,GEN,NH,1,1
36,UP_1_36,-1,1,0,43.105,-70.806,36,GEN,NH,1,1
37,UP_1_37,-1,1,0,41.817,-71.404,37,GEN,RI,1,1
38,UP_1_38,-1,1,0,42.01,-71.669,38,GEN,RI,1,1
39,UP_1_39,-1,1,0,41.867,-71.408,39,GEN,RI,1,1
40,UP_1_40,-1,1,0,42.01,-71.67,40,GEN,RI,1,1
41,UP_1_41,-1,1,0,41.642,-71.171,41,GEN,RI,1,1
42,UP_1_42,-1,1,0,41.802,-71.518,42,GEN,RI,1,1
43,UP_2_1,-1,2,0,39.291,-74.636,1,GEN,NJ,1,2
44,UP_2_2,-1,2,0,39.683,-75.508,2,GEN,NJ,1,2
45,UP_2_3,-1,2,0,40.748,-74.072,3,GEN,NJ,1,2
46,UP_2_4,-1,2,0,40.556,-74.247,4,GEN,NJ,1,2
47,UP_2_5,-1,2,0,39.489,-75.035,5,GEN,NJ,1,2
48,UP_2_6,-1,2,0,40.566,-75.164,6,GEN,NJ,1,2
49,UP_2_7,-1,2,0,40.838,-74.024,7,GEN,NJ,1,2
50,UP_2_8,-1,2,0,40.622,-74.207,8,GEN,NJ,1,2
51,UP_2_9,-1,2,0,39.767,-75.424,9,GEN,NJ,1,2
52,UP_2_10,-1,2,0,40.439,-74.344,10,GEN,NJ,1,2
53,UP_2_11,-1,2,0,39.918,-75.119,11,GEN,NJ,1,2
54,UP_2_12,-1,2,0,40.678,-74.274,12,GEN,NJ,1,2
55,UP_2_13,-1,2,0,40.632,-74.216,13,GEN,NJ,1,2
56,UP_2_14,-1,2,0,40.72,-74.13,14,GEN,NJ,1,2
57,UP_2_15,-1,2,0,40.655,-74.112,15,GEN,NJ,1,2
58,UP_2_16,-1,2,0,39.874,-75.159,16,GEN,NJ,1,2
59,UP_2_17,-1,2,0,40.462,-75.673,17,GEN,NJ,1,2
60,UP_2_18,-1,2,0,40.905,-74.13,18,GEN,NJ,1,2
61,UP_2_19,-1,2,0,40.061,-74.168,19,GEN,NJ,1,2
62,UP_2_20,-1,2,0,40.449,-74.349,20,GEN,NJ,1,2
63,UP_2_21,-1,2,0,42.187,-75.795,21,GEN,NY,1,2
64,UP_2_22,-1,2,0,42.112,-75.974,22,GEN,NY,1,2
65,UP_2_23,-1,2,0,42.668,-76.947,23,GEN,NY,1,2
66,UP_2_24,-1,2,0,42.679,-76.948,24,GEN,NY,1,2
67,UP_2_25,-1,2,0,42.603,-76.633,25,GEN,NY,1,2
68,UP_2_26,-1,2,0,42.491,-79.346,26,GEN,NY,1,2
69,UP_2_27,-1,2,0,42.092,-79.242,27,GEN,NY,1,2
70,UP_2_28,-1,2,0,44.036,-75.772,28,GEN,NY,1,2
71,UP_2_29,-1,2,0,43.065,-76.209,29,GEN,NY,1,2
72,UP_2_30,-1,2,0,41.571,-73.975,30,GEN,NY,1,2
73,UP_2_31,-1,2,0,40.728,-73.974,31,GEN,NY,1,2
74,UP_2_32,-1,2,0,40.617,-73.648,32,GEN,NY,1,2
75,UP_2_33,-1,2,0,40.611,-73.761,33,GEN,NY,1,2
76,UP_2_34,-1,2,0,40.827,-73.647,34,GEN,NY,1,2
77,UP_2_35,-1,2,0,40.949,-73.078,35,GEN,NY,1,2
78,UP_2_36,-1,2,0,41.204,-73.969,36,GEN,NY,1,2
79,UP_2_37,-1,2,0,40.788,-73.913,37,GEN,NY,1,2
80,UP_2_38,-1,2,0,40.759,-73.946,38,GEN,NY,1,2
81,UP_2_39,-1,2,0,42.594,-73.764,39,GEN,NY,1,2
82,UP_2_40,-1,2,0,40.816,-73.064,40,GEN,NY,1,2
83,UP_2_41,-1,2,0,42.503,-78.068,41,GEN,NY,1,2
84,UP_2_42,-1,2,0,42.538,-73.743,42,GEN,NY,1,2
85,UP_2_43,-1,2,0,42.29,-78.662,43,GEN,NY,1,2
86,UP_2_44,-1,2,0,43.886,-75.434,44,GEN,NY,1,2
87,UP_2_45,-1,2,0,43.984,-75.623,45,GEN,NY,1,2
88,UP_2_46,-1,2,0,43.066,-76.214,46,GEN,NY,1,2
89,UP_2_47,-1,2,0,42.574,-73.859,47,GEN,NY,1,2
90,UP_2_48,-1,2,0,44.726,-75.442,48,GEN,NY,1,2
91,UP_2_49,-1,2,0,40.747,-73.499,49,GEN,NY,1,2
92,UP_2_50,-1,2,0,42.654,-78.077,50,GEN,NY,1,2
93,UP_2_51,-1,2,0,43.472,-76.493,51,GEN,NY,1,2
94,UP_2_52,-1,2,0,42.967,-78.918,52,GEN,NY,1,2
95,UP_2_53,-1,2,0,43.25,-73.813,53,GEN,NY,1,2
96,UP_2_54,-1,2,0,43.08,-75.601,54,GEN,NY,1,2
97,UP_2_55,-1,2,0,43.03,-76.04,55,GEN,NY,1,2
98,UP_2_56,-1,2,0,40.726,-73.589,56,GEN,NY,1,2
99,UP_2_57,-1,2,0,42.63,-73.75,57,GEN,NY,1,2
100,UP_2_58,-1,2,0,43.162,-78.752,58,GEN,NY,1,2
101,UP_2_59,-1,2,0,42.088,-78.45,59,GEN,NY,1,2
102,UP_2_60,-1,2,0,40.642,-73.778,60,GEN,NY,1,2
103,UP_2_61,-1,2,0,43.048,-78.854,61,GEN,NY,1,2
104,UP_2_62,-1,2,0,43.495,-76.451,62,GEN,NY,1,2
105,UP_2_63,-1,2,0,44.713,-73.456,63,GEN,NY,1,2
106,UP_2_64,-1,2,0,44.95,-74.893,64,GEN,NY,1,2
107,UP_2_65,-1,2,0,42.983,-78.159,65,GEN,NY,1,2
108,UP_2_66,-1,2,0,40.699,-73.976,66,GEN,NY,1,2
109,UP_2_67,-1,2,0,40.783,-73.896,67,GEN,NY,1,2
110,UP_2_68,-1,2,0,42.273,-73.849,68,GEN,NY,1,2
111,UP_2_69,-1,2,0,40.736,-73.389,69,GEN,NY,1,2
112,UP_2_70,-1,2,0,40.789,-73.907,70,GEN,NY,1,2
113,UP_2_71,-1,2,0,40.814,-72.94,71,GEN,NY,1,2
114,UP_2_72,-1,2,0,42.625,-73.753,72,GEN,NY,1,2
115,UP_2_73,-1,2,0,40.783,-73.9,73,GEN,NY,1,2
116,UP_3_1,-1,3,0,40.253,-79.918,1,GEN,PA,1,2
117,UP_3_2,-1,3,0,40.91,-75.079,2,GEN,PA,1,2
118,UP_3_3,-1,3,0,40.306,-75.908,3,GEN,PA,1,2
119,UP_3_4,-1,3,0,40.384,-79.061,4,GEN,PA,1,2
120,UP_3_5,-1,3,0,41.067,-78.367,5,GEN,PA,1,2
121,UP_3_6,-1,3,0,40.66,-79.341,6,GEN,PA,1,2
122,UP_3_7,-1,3,0,40.938,-80.368,7,GEN,PA,1,2
123,UP_3_8,-1,3,0,41.071,-76.667,8,GEN,PA,1,2
124,UP_3_9,-1,3,0,40.836,-76.825,9,GEN,PA,1,2
125,UP_3_10,-1,3,0,40.153,-75.529,10,GEN,PA,1,2
126,UP_3_11,-1,3,0,41.201,-76.07,11,GEN,PA,1,2
127,UP_3_12,-1,3,0,40.79,-76.198,12,GEN,PA,1,2
128,UP_3_13,-1,3,0,40.55,-78.8,13,GEN,PA,1,2
129,UP_3_14,-1,3,0,40.809,-76.454,14,GEN,PA,1,2
130,UP_3_15,-1,3,0,40.455,-78.747,15,GEN,PA,1,2
131,UP_3_16,-1,3,0,40.474,-78.701,16,GEN,PA,1,2
132,UP_3_17,-1,3,0,40.656,-80.354,17,GEN,PA,1,2
133,UP_3_18,-1,3,0,40.873,-75.993,18,GEN,PA,1,2
134,UP_3_19,-1,3,0,40.619,-76.45,19,GEN,PA,1,2
135,UP_3_20,-1,3,0,40.856,-75.878,20,GEN,PA,1,2
136,UP_3_21,-1,3,0,40.782,-76.178,21,GEN,PA,1,2
137,UP_3_22,-1,3,0,40.692,-75.479,22,GEN,PA,1,2
138,UP_3_23,-1,3,0,41.269,-79.813,23,GEN,PA,1,2
139,UP_3_24,-1,3,0,41.176,-79.441,24,GEN,PA,1,2
140,UP_3_25,-1,3,0,40.822,-76.173,25,GEN,PA,1,2
141,UP_3_26,-1,3,0,39.942,-75.188,26,GEN,PA,1,2
142,UP_3_27,-1,3,0,40.221,-79.968,27,GEN,PA,1,2
143,UP_3_28,-1,3,0,40.464,-80.044,28,GEN,PA,1,2
144,UP_3_29,-1,3,0,42.227,-79.858,29,GEN,PA,1,2
145,UP_3_30,-1,3,0,39.981,-76.687,30,GEN,PA,1,2
146,UP_3_31,-1,3,0,40.422,-75.936,31,GEN,PA,1,2
147,UP_3_32,-1,3,0,39.861,-75.336,32,GEN,PA,1,2
148,UP_3_33,-1,3,0,40.148,-74.741,33,GEN,PA,1,2
149,UP_3_34,-1,3,0,39.859,-79.918,34,GEN,PA,1,2
150,UP_3_35,-1,3,0,39.738,-76.307,35,GEN,PA,1,2
151,UP_3_36,-1,3,0,40.801,-75.105,36,GEN,PA,1,2
152,UP_3_37,-1,3,0,40.618,-75.314,37,GEN,PA,1,2
153,UP_3_38,-1,3,0,40.544,-79.768,38,GEN,PA,1,2
154,UP_3_39,-1,3,0,39.806,-75.421,39,GEN,PA,1,2
155,UP_3_40,-1,3,0,39.873,-77.167,40,GEN,PA,1,2
465,UP_3_41,-1,3,0,40.929,-79.466,41,GEN,PA,1,2
156,UP_4_1,-1,4,0,38.992,-84.298,1,GEN,OH,1,3
157,UP_4_2,-1,4,0,39.113,-84.804,2,GEN,OH,1,3
158,UP_4_3,-1,4,0,41.503,-82.053,3,GEN,OH,1,3
159,UP_4_4,-1,4,0,41.671,-81.443,4,GEN,OH,1,3
160,UP_4_5,-1,4,0,40.184,-81.881,5,GEN,OH,1,3
161,UP_4_6,-1,4,0,39.793,-83.01,6,GEN,OH,1,3
162,UP_4_7,-1,4,0,39.609,-84.292,7,GEN,OH,1,3
163,UP_4_8,-1,4,0,38.636,-83.694,8,GEN,OH,1,3
164,UP_4_9,-1,4,0,41.167,-80.765,9,GEN,OH,1,3
165,UP_4_10,-1,4,0,39.909,-80.761,10,GEN,OH,1,3
166,UP_4_11,-1,4,0,39.964,-80.755,11,GEN,OH,1,3
167,UP_4_12,-1,4,0,40.532,-80.632,12,GEN,OH,1,3
168,UP_4_13,-1,4,0,39.591,-81.68,13,GEN,OH,1,3
169,UP_4_14,-1,4,0,38.914,-82.129,14,GEN,OH,1,3
170,UP_4_15,-1,4,0,40.521,-81.472,15,GEN,OH,1,3
171,UP_4_16,-1,4,0,40.851,-81.765,16,GEN,OH,1,3
172,UP_4_17,-1,4,0,41.726,-81.254,17,GEN,OH,1,3
173,UP_4_18,-1,4,0,40.88,-82.657,18,GEN,OH,1,3
174,UP_4_19,-1,4,0,38.69,-83.48,19,GEN,OH,1,3
175,UP_4_20,-1,4,0,39.366,-81.521,20,GEN,OH,1,3
176,UP_4_21,-1,4,0,41.692,-83.438,21,GEN,OH,1,3
177,UP_4_22,-1,4,0,39.408,-84.563,22,GEN,OH,1,3
178,UP_4_23,-1,4,0,40.313,-80.606,23,GEN,OH,1,3
179,UP_4_24,-1,4,0,40.092,-82.015,24,GEN,OH,1,3
180,UP_4_25,-1,4,0,39.58,-81.656,25,GEN,OH,1,3
181,UP_4_26,-1,4,0,39.531,-81.717,26,GEN,OH,1,3
182,UP_4_27,-1,4,0,41.378,-83.165,27,GEN,OH,1,3
183,UP_4_28,-1,4,0,38.573,-82.783,28,GEN,OH,1,3
184,UP_4_29,-1,4,0,41.89,-80.765,29,GEN,OH,1,3
185,UP_4_30,-1,4,0,38.596,-82.839,30,GEN,OH,1,3
186,UP_5_1,-1,5,0,40.596,-89.663,1,GEN,IL,1,3
187,UP_5_2,-1,5,0,39.133,-87.659,2,GEN,IL,1,3
188,UP_5_3,-1,5,0,39.823,-90.567,3,GEN,IL,1,3
189,UP_5_4,-1,5,0,41.64,-88.079,4,GEN,IL,1,3
190,UP_5_5,-1,5,0,37.209,-88.859,5,GEN,IL,1,3
191,UP_5_6,-1,5,0,41.303,-89.315,6,GEN,IL,1,3
192,UP_5_7,-1,5,0,40.178,-87.748,7,GEN,IL,1,3
193,UP_5_8,-1,5,0,39.755,-89.602,8,GEN,IL,1,3
194,UP_5_9,-1,5,0,39.757,-89.75,9,GEN,IL,1,3
195,UP_5_10,-1,5,0,37.621,-88.955,10,GEN,IL,1,3
196,UP_5_11,-1,5,0,39.449,-90.614,11,GEN,IL,1,3
197,UP_5_12,-1,5,0,38.279,-89.667,12,GEN,IL,1,3
198,UP_5_13,-1,5,0,39.717,-90.237,13,GEN,IL,1,3
199,UP_5_14,-1,5,0,40.28,-90.08,14,GEN,IL,1,3
200,UP_5_15,-1,5,0,38.864,-90.135,15,GEN,IL,1,3
201,UP_5_16,-1,5,0,42.115,-87.731,16,GEN,IL,1,3
202,UP_5_17,-1,5,0,40.558,-89.667,17,GEN,IL,1,3
203,UP_5_18,-1,5,0,37.658,-89.512,18,GEN,IL,1,3
204,UP_5_19,-1,5,0,41.48,-88.258,19,GEN,IL,1,3
205,UP_5_20,-1,5,0,42.701,-90.287,20,GEN,IL,1,3
206,UP_5_21,-1,5,0,41.412,-88.333,21,GEN,IL,1,3
207,UP_5_22,-1,5,0,39.223,-88.758,22,GEN,IL,1,3
208,UP_5_23,-1,5,0,43.636,-83.836,23,GEN,MI,1,3
209,UP_5_24,-1,5,0,42.921,-86.205,24,GEN,MI,1,3
210,UP_5_25,-1,5,0,43.634,-83.836,25,GEN,MI,1,3
211,UP_5_26,-1,5,0,41.795,-83.446,26,GEN,MI,1,3
212,UP_5_27,-1,5,0,43.852,-82.644,27,GEN,MI,1,3
213,UP_5_28,-1,5,0,42.926,-82.461,28,GEN,MI,1,3
214,UP_5_29,-1,5,0,42.764,-82.472,29,GEN,MI,1,3
215,UP_5_30,-1,5,0,42.122,-83.181,30,GEN,MI,1,3
216,UP_5_31,-1,5,0,46.569,-87.39,31,GEN,MI,1,3
217,UP_5_32,-1,5,0,46.579,-87.395,32,GEN,MI,1,3
218,UP_5_33,-1,5,0,45.772,-87.066,33,GEN,MI,1,3
219,UP_5_34,-1,5,0,43.071,-86.235,34,GEN,MI,1,3
220,UP_5_35,-1,5,0,42.796,-86.113,35,GEN,MI,1,3
221,UP_5_36,-1,5,0,42.697,-84.662,36,GEN,MI,1,3
222,UP_5_37,-1,5,0,42.692,-84.657,37,GEN,MI,1,3
223,UP_5_38,-1,5,0,46.531,-87.392,38,GEN,MI,1,3
224,UP_5_39,-1,5,0,42.208,-83.145,39,GEN,MI,1,3
225,UP_5_40,-1,5,0,42.032,-84.755,40,GEN,MI,1,3
226,UP_5_41,-1,5,0,42.776,-82.495,41,GEN,MI,1,3
227,UP_5_42,-1,5,0,42.66,-83.298,42,GEN,MI,1,3
228,UP_5_43,-1,5,0,46.764,-89.567,43,GEN,MI,1,3
229,UP_5_44,-1,5,0,44.217,-86.291,44,GEN,MI,1,3
230,UP_5_45,-1,5,0,43.259,-86.242,45,GEN,MI,1,3
231,UP_5_46,-1,5,0,42.359,-82.96,46,GEN,MI,1,3
232,UP_5_47,-1,5,0,42.304,-83.09,47,GEN,MI,1,3
233,UP_5_48,-1,5,0,42.731,-85.855,48,GEN,MI,1,3
234,UP_5_49,-1,5,0,43.586,-84.224,49,GEN,MI,1,3
235,UP_5_50,-1,5,0,42.963,-85.494,50,GEN,MI,1,3
236,UP_5_51,-1,5,0,43.938,-86.425,51,GEN,MI,1,3
237,UP_5_52,-1,5,0,42.821,-85.998,52,GEN,MI,1,3
238,UP_5_53,-1,5,0,42.303,-83.154,53,GEN,MI,1,3
239,UP_5_54,-1,5,0,42.249,-84.377,54,GEN,MI,1,3
240,UP_5_55,-1,5,0,42.322,-86.294,55,GEN,MI,1,3
260,UP_5_56,-1,5,0,41.707,-87.522,56,GEN,IN,1,3
261,UP_5_57,-1,5,0,39.081,-84.859,57,GEN,IN,1,3
262,UP_5_58,-1,5,0,39.763,-86.167,58,GEN,IN,1,3
263,UP_5_59,-1,5,0,41.645,-87.123,59,GEN,IN,1,3
264,UP_5_60,-1,5,0,41.639,-87.407,60,GEN,IN,1,3
265,UP_5_61,-1,5,0,38.263,-85.838,61,GEN,IN,1,3
266,UP_5_62,-1,5,0,39.53,-87.424,62,GEN,IN,1,3
267,UP_5_63,-1,5,0,37.911,-87.328,63,GEN,IN,1,3
268,UP_5_64,-1,5,0,40.049,-86.899,64,GEN,IN,1,3
269,UP_5_65,-1,5,0,40.759,-86.358,65,GEN,IN,1,3
270,UP_5_66,-1,5,0,40.755,-86.058,66,GEN,IN,1,3
271,UP_5_67,-1,5,0,39.803,-84.895,67,GEN,IN,1,3
272,UP_5_68,-1,5,0,38.52,-87.266,68,GEN,IN,1,3
273,UP_5_69,-1,5,0,38.372,-87.766,69,GEN,IN,1,3
274,UP_5_70,-1,5,0,37.926,-87.037,70,GEN,IN,1,3
275,UP_5_71,-1,5,0,38.4,-86.914,71,GEN,IN,1,3
276,UP_5_72,-1,5,0,37.915,-87.333,72,GEN,IN,1,3
277,UP_5_73,-1,5,0,39.71,-86.187,73,GEN,IN,1,3
278,UP_5_74,-1,5,0,39.49,-86.414,74,GEN,IN,1,3
279,UP_5_75,-1,5,0,41.721,-86.909,75,GEN,IN,1,3
280,UP_5_76,-1,5,0,38.807,-87.247,76,GEN,IN,1,3
281,UP_5_77,-1,5,0,40.097,-85.971,77,GEN,IN,1,3
282,UP_5_78,-1,5,0,41.632,-87.173,78,GEN,IN,1,3
283,UP_5_79,-1,5,0,41.674,-87.478,79,GEN,IN,1,3
284,UP_5_80,-1,5,0,39.393,-87.511,80,GEN,IN,1,3
285,UP_5_81,-1,5,0,39.091,-84.867,81,GEN,IN,1,3
241,UP_6_1,-1,6,0,46.587,-90.902,1,GEN,WI,1,3
242,UP_6_2,-1,6,0,43.079,-89.374,2,GEN,WI,1,3
243,UP_6_3,-1,6,0,43.03,-87.923,3,GEN,WI,1,3
244,UP_6_4,-1,6,0,43.715,-87.706,4,GEN,WI,1,3
245,UP_6_5,-1,6,0,42.723,-91.009,5,GEN,WI,1,3
246,UP_6_6,-1,6,0,44.54,-88.009,6,GEN,WI,1,3
247,UP_6_7,-1,6,0,44.861,-89.655,7,GEN,WI,1,3
248,UP_6_8,-1,6,0,44.2,-88.458,8,GEN,WI,1,3
249,UP_6_9,-1,6,0,44.308,-91.911,9,GEN,WI,1,3
250,UP_6_10,-1,6,0,43.046,-88.028,10,GEN,WI,1,3
251,UP_6_11,-1,6,0,43.486,-89.42,11,GEN,WI,1,3
252,UP_6_12,-1,6,0,42.506,-89.515,12,GEN,WI,1,3
253,UP_6_13,-1,6,0,42.583,-89.577,13,GEN,WI,1,3
254,UP_6_14,-1,6,0,44.082,-87.656,14,GEN,WI,1,3
255,UP_6_15,-1,6,0,43.384,-87.869,15,GEN,WI,1,3
256,UP_6_16,-1,6,0,43.075,-89.425,16,GEN,WI,1,3
257,UP_6_17,-1,6,0,42.855,-88.73,17,GEN,WI,1,3
258,UP_6_18,-1,6,0,42.583,-89.034,18,GEN,WI,1,3
259,UP_6_19,-1,6,0,44.32,-88.209,19,GEN,WI,1,3
332,UP_7_1,-1,7,0,47.531,-92.162,1,GEN,MN,3,4
333,UP_7_2,-1,7,0,47.261,-93.653,2,GEN,MN,3,4
334,UP_7_3,-1,7,0,46.291,-96.043,3,GEN,MN,3,4
335,UP_7_4,-1,7,0,43.701,-92.963,4,GEN,MN,3,4
336,UP_7_5,-1,7,0,47.429,-92.935,5,GEN,MN,3,4
337,UP_7_6,-1,7,0,44.028,-92.46,6,GEN,MN,3,4
338,UP_7_7,-1,7,0,47.521,-92.534,7,GEN,MN,3,4
339,UP_7_8,-1,7,0,45.122,-95.052,8,GEN,MN,3,4
340,UP_7_9,-1,7,0,47.531,-90.911,9,GEN,MN,3,4
341,UP_7_10,-1,7,0,43.673,-94.708,10,GEN,MN,3,4
342,UP_7_11,-1,7,0,43.673,-94.707,11,GEN,MN,3,4
343,UP_7_12,-1,7,0,43.669,-92.968,12,GEN,MN,3,4
344,UP_7_13,-1,7,0,42.658,-94.461,13,GEN,MN,3,4
345,UP_7_14,-1,7,0,44.316,-94.458,14,GEN,MN,3,4
346,UP_7_15,-1,7,0,44.083,-93.23,15,GEN,MN,3,4
347,UP_7_16,-1,7,0,44.811,-93.25,16,GEN,MN,3,4
348,UP_7_17,-1,7,0,44.931,-93.112,17,GEN,MN,3,4
349,UP_7_18,-1,7,0,45.02,-93.275,18,GEN,MN,3,4
350,UP_7_19,-1,7,0,44.896,-94.885,19,GEN,MN,3,4
351,UP_7_20,-1,7,0,44.89,-94.351,20,GEN,MN,3,4
352,UP_7_21,-1,7,0,44.796,-92.912,21,GEN,MN,3,4
353,UP_7_22,-1,7,0,44.196,-94.01,22,GEN,MN,3,4
354,UP_7_23,-1,7,0,44.336,-93.291,23,GEN,MN,3,4
355,UP_7_24,-1,7,0,43.76,-94.751,24,GEN,MN,3,4
386,UP_7_25,-1,7,0,46.867,-100.883,25,GEN,ND,7,4
387,UP_7_26,-1,7,0,47.286,-101.332,26,GEN,ND,7,4
388,UP_7_27,-1,7,0,47.221,-101.816,27,GEN,ND,7,4
389,UP_7_28,-1,7,0,46.848,-98.449,28,GEN,ND,7,4
390,UP_7_29,-1,7,0,46.821,-101.756,29,GEN,ND,7,4
391,UP_7_30,-1,7,0,44.065,-103.302,30,GEN,SD,7,4
392,UP_7_31,-1,7,0,45.304,-96.51,31,GEN,SD,7,4
393,UP_7_32,-1,7,0,44.291,-96.527,32,GEN,SD,7,4
286,UP_8_1,-1,8,0,42.503,-90.659,1,GEN,IA,1,4
287,UP_8_2,-1,8,0,42.507,-90.656,2,GEN,IA,1,4
288,UP_8_3,-1,8,0,43.334,-91.17,3,GEN,IA,1,4
289,UP_8_4,-1,8,0,43.336,-91.168,4,GEN,IA,1,4
290,UP_8_5,-1,8,0,41.984,-91.669,5,GEN,IA,1,4
291,UP_8_6,-1,8,0,41.944,-91.639,6,GEN,IA,1,4
292,UP_8_7,-1,8,0,41.938,-91.638,7,GEN,IA,1,4
293,UP_8_8,-1,8,0,42.047,-92.859,8,GEN,IA,1,4
294,UP_8_9,-1,8,0,42.051,-92.846,9,GEN,IA,1,4
295,UP_8_10,-1,8,0,41.54,-90.448,10,GEN,IA,1,4
296,UP_8_11,-1,8,0,41.18,-95.841,11,GEN,IA,1,4
297,UP_8_12,-1,8,0,42.299,-96.363,12,GEN,IA,1,4
298,UP_8_13,-1,8,0,40.741,-91.117,13,GEN,IA,1,4
299,UP_8_14,-1,8,0,42.026,-93.609,14,GEN,IA,1,4
300,UP_8_15,-1,8,0,42.527,-92.439,15,GEN,IA,1,4
301,UP_8_16,-1,8,0,41.392,-91.057,16,GEN,IA,1,4
302,UP_8_17,-1,8,0,41.398,-92.914,17,GEN,IA,1,4
303,UP_8_18,-1,8,0,43.161,-95.257,18,GEN,IA,1,4
304,UP_8_19,-1,8,0,41.457,-90.823,19,GEN,IA,1,4
305,UP_8_20,-1,8,0,41.318,-91.093,20,GEN,IA,1,4
306,UP_8_21,-1,8,0,42.301,-96.362,21,GEN,IA,1,4
307,UP_8_22,-1,8,0,41.812,-90.23,22,GEN,IA,1,4
308,UP_8_23,-1,8,0,41.113,-94.347,23,GEN,IA,1,4
309,UP_8_24,-1,8,0,41.556,-93.528,24,GEN,IA,1,4
310,UP_8_25,-1,8,0,43.094,-93.292,25,GEN,IA,1,4
374,UP_8_26,-1,8,0,40.854,-98.348,26,GEN,NE,1,4
375,UP_8_27,-1,8,0,40.581,-98.312,27,GEN,NE,1,4
376,UP_8_28,-1,8,0,41.439,-96.456,28,GEN,NE,1,4
377,UP_8_29,-1,8,0,40.559,-96.785,29,GEN,NE,1,4
378,UP_8_30,-1,8,0,41.33,-95.946,30,GEN,NE,1,4
379,UP_8_31,-1,8,0,41.858,-103.632,31,GEN,NE,1,4
380,UP_8_32,-1,8,0,40.694,-99.701,32,GEN,NE,1,4
381,UP_8_33,-1,8,0,40.134,-97.184,33,GEN,NE,1,4
382,UP_8_34,-1,8,0,40.923,-98.327,34,GEN,NE,1,4
383,UP_8_35,-1,8,0,40.599,-98.389,35,GEN,NE,1,4
384,UP_8_36,-1,8,0,40.909,-96.613,36,GEN,NE,1,4
385,UP_8_37,-1,8,0,40.331,-96.808,37,GEN,NE,1,4
311,UP_9_1,-1,9,0,37.073,-94.699,1,GEN,KS,1,4
312,UP_9_2,-1,9,0,39.007,-95.269,2,GEN,KS,1,4
313,UP_9_3,-1,9,0,39.054,-95.569,3,GEN,KS,1,4
314,UP_9_4,-1,9,0,39.149,-94.638,4,GEN,KS,1,4
315,UP_9_5,-1,9,0,39.283,-96.115,5,GEN,KS,1,4
316,UP_9_6,-1,9,0,37.161,-100.762,6,GEN,KS,1,4
317,UP_9_7,-1,9,0,37.733,-99.95,7,GEN,KS,1,4
318,UP_9_8,-1,9,0,38.41,-98.869,8,GEN,KS,1,4
319,UP_9_9,-1,9,0,37.79,-97.522,9,GEN,KS,1,4
320,UP_9_10,-1,9,0,37.597,-97.414,10,GEN,KS,1,4
321,UP_9_11,-1,9,0,37.306,-95.11,11,GEN,KS,1,4
322,UP_9_12,-1,9,0,38.091,-97.875,12,GEN,KS,1,4
323,UP_9_13,-1,9,0,39.375,-97.135,13,GEN,KS,1,4
324,UP_9_14,-1,9,0,37.037,-95.613,14,GEN,KS,1,4
325,UP_9_15,-1,9,0,37.031,-95.726,15,GEN,KS,1,4
326,UP_9_16,-1,9,0,39.087,-94.651,16,GEN,KS,1,4
327,UP_9_17,-1,9,0,38.18,-99.113,17,GEN,KS,1,4
328,UP_9_18,-1,9,0,37.636,-98.743,18,GEN,KS,1,4
329,UP_9_19,-1,9,0,37.261,-97.406,19,GEN,KS,1,4
330,UP_9_20,-1,9,0,37.97,-100.896,20,GEN,KS,1,4
331,UP_9_21,-1,9,0,37.237,-96.963,21,GEN,KS,1,4
356,UP_9_22,-1,9,0,37.361,-94.589,22,GEN,MO,1,4
357,UP_9_23,-1,9,0,38.311,-93.935,23,GEN,MO,1,4
358,UP_9_24,-1,9,0,39.178,-94.184,24,GEN,MO,1,4
359,UP_9_25,-1,9,0,38.402,-90.336,25,GEN,MO,1,4
360,UP_9_26,-1,9,0,38.965,-92.318,26,GEN,MO,1,4
361,UP_9_27,-1,9,0,39.092,-94.326,27,GEN,MO,1,4
362,UP_9_28,-1,9,0,37.108,-93.263,28,GEN,MO,1,4
363,UP_9_29,-1,9,0,39.552,-92.638,29,GEN,MO,1,4
364,UP_9_30,-1,9,0,38.684,-91.756,30,GEN,MO,1,4
365,UP_9_31,-1,9,0,39.231,-94.308,31,GEN,MO,1,4
366,UP_9_32,-1,9,0,39.447,-94.98,32,GEN,MO,1,4
367,UP_9_33,-1,9,0,37.149,-93.388,33,GEN,MO,1,4
368,UP_9_34,-1,9,0,39.724,-94.877,34,GEN,MO,1,4
369,UP_9_35,-1,9,0,39.123,-93.206,35,GEN,MO,1,4
370,UP_9_36,-1,9,0,39.131,-94.478,36,GEN,MO,1,4
371,UP_9_37,-1,9,0,37.066,-94.614,37,GEN,MO,1,4
372,UP_9_38,-1,9,0,38.793,-94.301,38,GEN,MO,1,4
373,UP_9_39,-1,9,0,38.636,-90.181,39,GEN,MO,1,4
459,UP_10_1,-1,10,0,38.586,-75.234,1,GEN,DE,1,5
460,UP_10_2,-1,10,0,39.149,-75.547,2,GEN,DE,1,5
461,UP_10_3,-1,10,0,39.739,-75.504,3,GEN,DE,1,5
462,UP_10_4,-1,10,0,39.178,-75.546,4,GEN,DE,1,5
463,UP_10_5,-1,10,0,39.744,-75.507,5,GEN,DE,1,5
464,UP_10_6,-1,10,0,39.323,-76.365,6,GEN,MD,1,5
466,UP_10_8,-1,10,0,39.21,-77.464,8,GEN,MD,1,5
467,UP_10_9,-1,10,0,39.595,-78.745,9,GEN,MD,1,5
468,UP_10_10,-1,10,0,39.267,-76.617,10,GEN,MD,1,5
469,UP_10_11,-1,10,0,39.178,-76.527,11,GEN,MD,1,5
470,UP_10_12,-1,10,0,39.237,-76.513,12,GEN,MD,1,5
471,UP_10_13,-1,10,0,38.488,-75.821,13,GEN,MD,1,5
472,UP_10_14,-1,10,0,39.059,-76.952,14,GEN,MD,1,5
473,UP_10_15,-1,10,0,39.208,-76.542,15,GEN,MD,1,5
474,UP_10_16,-1,10,0,38.668,-76.868,16,GEN,MD,1,5
394,UP_11_1,-1,11,0,38.967,-81.923,1,GEN,WV,1,5
395,UP_11_2,-1,11,0,39.489,-79.637,2,GEN,WV,1,5
396,UP_11_3,-1,11,0,39.384,-80.333,3,GEN,WV,1,5
397,UP_11_4,-1,11,0,39.531,-80.113,4,GEN,WV,1,5
398,UP_11_5,-1,11,0,39.367,-81.3,5,GEN,WV,1,5
399,UP_11_6,-1,11,0,39.367,-81.294,6,GEN,WV,1,5
400,UP_11_7,-1,11,0,39.263,-79.331,7,GEN,WV,1,5
401,UP_11_8,-1,11,0,39.562,-80.163,8,GEN,WV,1,5
402,UP_11_9,-1,11,0,39.64,-79.961,9,GEN,WV,1,5
437,UP_12_1,-1,12,0,37.371,-80.863,1,GEN,VA,1,5
438,UP_12_2,-1,12,0,38.82,-77.041,2,GEN,VA,1,5
439,UP_12_3,-1,12,0,37.709,-78.288,3,GEN,VA,1,5
440,UP_12_4,-1,12,0,37.382,-77.383,4,GEN,VA,1,5
441,UP_12_5,-1,12,0,36.771,-76.302,5,GEN,VA,1,5
442,UP_12_6,-1,12,0,37.214,-76.461,6,GEN,VA,1,5
443,UP_12_7,-1,12,0,36.87,-76.353,7,GEN,VA,1,5
444,UP_12_8,-1,12,0,37.294,-77.269,8,GEN,VA,1,5
445,UP_12_9,-1,12,0,37.304,-77.313,9,GEN,VA,1,5
446,UP_12_10,-1,12,0,37.119,-79.125,10,GEN,VA,1,5
447,UP_12_11,-1,12,0,36.653,-76.995,11,GEN,VA,1,5
448,UP_12_12,-1,12,0,36.6,-78.532,12,GEN,VA,1,5
449,UP_12_13,-1,12,0,37.456,-77.431,13,GEN,VA,1,5
450,UP_12_14,-1,12,0,38.267,-77.315,14,GEN,VA,1,5
451,UP_12_15,-1,12,0,38.537,-77.281,15,GEN,VA,1,5
452,UP_12_16,-1,12,0,38.432,-78.864,16,GEN,VA,1,5
453,UP_12_17,-1,12,0,37.292,-77.281,17,GEN,VA,1,5
454,UP_12_18,-1,12,0,37.496,-77.432,18,GEN,VA,1,5
455,UP_12_19,-1,12,0,37.813,-77.436,19,GEN,VA,1,5
456,UP_12_20,-1,12,0,38.124,-78.214,20,GEN,VA,1,5
457,UP_12_21,-1,12,0,37.867,-78.381,21,GEN,VA,1,5
458,UP_12_22,-1,12,0,37.694,-78.284,22,GEN,VA,1,5
403,UP_13_1,-1,13,0,35.473,-82.542,1,GEN,NC,1,5
404,UP_13_2,-1,13,0,35.38,-78.088,2,GEN,NC,1,5
405,UP_13_3,-1,13,0,36.483,-79.073,3,GEN,NC,1,5
406,UP_13_4,-1,13,0,34.283,-77.985,4,GEN,NC,1,5
407,UP_13_5,-1,13,0,34.588,-78.975,5,GEN,NC,1,5
408,UP_13_6,-1,13,0,35.19,-81.012,6,GEN,NC,1,5
409,UP_13_7,-1,13,0,35.713,-80.377,7,GEN,NC,1,5
410,UP_13_8,-1,13,0,35.22,-81.759,8,GEN,NC,1,5
411,UP_13_9,-1,13,0,36.486,-79.721,9,GEN,NC,1,5
412,UP_13_10,-1,13,0,35.36,-80.974,10,GEN,NC,1,5
413,UP_13_11,-1,13,0,36.528,-78.892,11,GEN,NC,1,5
414,UP_13_12,-1,13,0,34.647,-78.641,12,GEN,NC,1,5
415,UP_13_13,-1,13,0,34.59,-78.997,13,GEN,NC,1,5
416,UP_13_14,-1,13,0,36.037,-77.753,14,GEN,NC,1,5
417,UP_13_15,-1,13,0,36.436,-77.617,15,GEN,NC,1,5
418,UP_13_16,-1,13,0,35.098,-78.829,16,GEN,NC,1,5
419,UP_13_17,-1,13,0,35.595,-79.049,17,GEN,NC,1,5
420,UP_13_18,-1,13,0,35.376,-78.098,18,GEN,NC,1,5
421,UP_13_19,-1,13,0,34.839,-79.741,19,GEN,NC,1,5
422,UP_13_20,-1,13,0,35.731,-80.602,20,GEN,NC,1,5
423,UP_13_21,-1,13,0,36.452,-77.659,21,GEN,NC,1,5
424,UP_13_22,-1,13,0,34.402,-80.159,22,GEN,SC,1,5
425,UP_13_23,-1,13,0,34.602,-82.435,23,GEN,SC,1,5
426,UP_13_24,-1,13,0,33.065,-80.623,24,GEN,SC,1,5
427,UP_13_25,-1,13,0,34.056,-81.217,25,GEN,SC,1,5
428,UP_13_26,-1,13,0,33.826,-79.053,26,GEN,SC,1,5
429,UP_13_27,-1,13,0,33.291,-81.683,27,GEN,SC,1,5
430,UP_13_28,-1,13,0,32.9,-79.967,28,GEN,SC,1,5
431,UP_13_29,-1,13,0,33.242,-79.988,29,GEN,SC,1,5
432,UP_13_30,-1,13,0,33.435,-81.911,30,GEN,SC,1,5
433,UP_13_31,-1,13,0,34.348,-82.776,31,GEN,SC,1,5
434,UP_13_32,-1,13,0,35.073,-81.613,32,GEN,SC,1,5
435,UP_13_33,-1,13,0,33.87,-81.018,33,GEN,SC,1,5
436,UP_13_34,-1,13,0,32.359,-81.124,34,GEN,SC,1,5
475,UP_14_1,-1,14,0,34.253,-85.346,1,GEN,GA,1,5
476,UP_14_2,-1,14,0,31.445,-84.134,2,GEN,GA,1,5
477,UP_14_3,-1,14,0,33.462,-84.898,3,GEN,GA,1,5
478,UP_14_4,-1,14,0,32.149,-81.146,4,GEN,GA,1,5
479,UP_14_5,-1,14,0,31.844,-83.941,5,GEN,GA,1,5
480,UP_14_6,-1,14,0,33.413,-85.032,6,GEN,GA,1,5
481,UP_14_7,-1,14,0,32.356,-81.168,7,GEN,GA,1,5
482,UP_14_8,-1,14,0,33.061,-83.808,8,GEN,GA,1,5
483,UP_14_9,-1,14,0,31.214,-81.545,9,GEN,GA,1,5
484,UP_14_10,-1,14,0,33.407,-85.039,10,GEN,GA,1,5
485,UP_14_11,-1,14,0,33.408,-85.04,11,GEN,GA,1,5
486,UP_14_12,-1,14,0,32.486,-83.604,12,GEN,GA,1,5
487,UP_14_13,-1,14,0,34.709,-84.918,13,GEN,GA,1,5
488,UP_14_14,-1,14,0,32.279,-81.284,14,GEN,GA,1,5
489,UP_14_15,-1,14,0,33.406,-85.038,15,GEN,GA,1,5
490,UP_14_16,-1,14,0,32.348,-81.182,16,GEN,GA,1,5
491,UP_15_1,-1,15,0,28.482,-81.168,1,GEN,FL,2,5
492,UP_15_2,-1,15,0,30.566,-87.224,2,GEN,FL,2,5
493,UP_15_3,-1,15,0,30.669,-84.887,3,GEN,FL,2,5
494,UP_15_4,-1,15,0,30.269,-85.7,4,GEN,FL,2,5
495,UP_15_5,-1,15,0,27.728,-81.989,5,GEN,FL,2,5
496,UP_15_6,-1,15,0,28.582,-82.431,6,GEN,FL,2,5
497,UP_15_7,-1,15,0,25.632,-80.299,7,GEN,FL,2,5
498,UP_15_8,-1,15,0,28.842,-81.326,8,GEN,FL,2,5
499,UP_15_9,-1,15,0,27.843,-82.645,9,GEN,FL,2,5
500,UP_15_10,-1,15,0,30.376,-83.181,10,GEN,FL,2,5
501,UP_15_11,-1,15,0,29.759,-82.388,11,GEN,FL,2,5
502,UP_15_12,-1,15,0,29.646,-82.321,12,GEN,FL,2,5
503,UP_15_13,-1,15,0,30.452,-84.4,13,GEN,FL,2,5
504,UP_15_14,-1,15,0,30.162,-84.201,14,GEN,FL,2,5
505,UP_15_15,-1,15,0,27.633,-80.378,15,GEN,FL,2,5
506,UP_15_16,-1,15,0,28.493,-80.783,16,GEN,FL,2,5
507,UP_15_17,-1,15,0,26.697,-81.783,17,GEN,FL,2,5
508,UP_15_18,-1,15,0,26.068,-80.198,18,GEN,FL,2,5
509,UP_15_19,-1,15,0,25.436,-80.331,19,GEN,FL,2,5
510,UP_15_20,-1,15,0,27.861,-82.601,20,GEN,FL,2,5
511,UP_15_21,-1,15,0,28.289,-81.408,21,GEN,FL,2,5
512,UP_15_22,-1,15,0,26.613,-80.068,22,GEN,FL,2,5
513,UP_15_23,-1,15,0,28.08,-81.923,23,GEN,FL,2,5
514,UP_15_24,-1,15,0,27.606,-82.346,24,GEN,FL,2,5
515,UP_15_25,-1,15,0,27.054,-80.563,25,GEN,FL,2,5
516,UP_15_26,-1,15,0,29.629,-81.585,26,GEN,FL,2,5
517,UP_15_27,-1,15,0,28.276,-81.533,27,GEN,FL,2,5
518,UP_15_28,-1,15,0,28.426,-81.581,28,GEN,FL,2,5
519,UP_15_29,-1,15,0,27.788,-81.87,29,GEN,FL,2,5
520,UP_15_30,-1,15,0,27.642,-81.963,30,GEN,FL,2,5
521,UP_15_31,-1,15,0,27.746,-81.851,31,GEN,FL,2,5
522,UP_15_32,-1,15,0,30.321,-81.949,32,GEN,FL,2,5
523,UP_15_33,-1,15,0,27.907,-82.423,33,GEN,FL,2,5
524,UP_15_34,-1,15,0,27.636,-81.963,34,GEN,FL,2,5
525,UP_15_35,-1,15,0,27.871,-81.825,35,GEN,FL,2,5
526,UP_15_36,-1,15,0,28.916,-81.676,36,GEN,FL,2,5
527,UP_15_37,-1,15,0,28.374,-82.167,37,GEN,FL,2,5
528,UP_15_38,-1,15,0,27.849,-81.878,38,GEN,FL,2,5
529,UP_15_39,-1,15,0,28.442,-81.412,39,GEN,FL,2,5
530,UP_15_40,-1,15,0,28.054,-81.806,40,GEN,FL,2,5
531,UP_15_41,-1,15,0,30.566,-87.115,41,GEN,FL,2,5
532,UP_15_42,-1,15,0,28.053,-81.808,42,GEN,FL,2,5
533,UP_15_43,-1,15,0,28.488,-81.168,43,GEN,FL,2,5
534,UP_15_44,-1,15,0,27.384,-80.378,44,GEN,FL,2,5
535,UP_16_1,-1,16,0,37.791,-84.715,1,GEN,KY,1,6
536,UP_16_2,-1,16,0,37.364,-87.121,2,GEN,KY,1,6
537,UP_16_3,-1,16,0,38.048,-84.848,3,GEN,KY,1,6
538,UP_16_4,-1,16,0,38.183,-85.889,4,GEN,KY,1,6
539,UP_16_5,-1,16,0,37.794,-87.061,5,GEN,KY,1,6
540,UP_16_6,-1,16,0,37.152,-88.775,6,GEN,KY,1,6
541,UP_16_7,-1,16,0,37.963,-86.791,7,GEN,KY,1,6
542,UP_16_8,-1,16,0,37.647,-87.503,8,GEN,KY,1,6
543,UP_16_9,-1,16,0,37.646,-87.502,9,GEN,KY,1,6
544,UP_16_10,-1,16,0,36.998,-84.592,10,GEN,KY,1,6
545,UP_16_11,-1,16,0,37.881,-84.262,11,GEN,KY,1,6
546,UP_16_12,-1,16,0,38.904,-84.851,12,GEN,KY,1,6
547,UP_16_13,-1,16,0,38.584,-85.412,13,GEN,KY,1,6
548,UP_16_14,-1,16,0,36.377,-82.964,14,GEN,TN,1,6
549,UP_16_15,-1,16,0,36.028,-87.986,15,GEN,TN,1,6
550,UP_16_16,-1,16,0,35.899,-84.519,16,GEN,TN,1,6
551,UP_16_17,-1,16,0,35.611,-84.781,17,GEN,TN,1,6
552,UP_16_18,-1,16,0,35.658,-89.396,18,GEN,TN,1,6
553,UP_17_1,-1,17,0,34.883,-85.755,1,GEN,AL,2,6
554,UP_17_2,-1,17,0,31.486,-87.911,2,GEN,AL,2,6
555,UP_17_3,-1,17,0,31.007,-88.01,3,GEN,AL,2,6
556,UP_17_4,-1,17,0,34.013,-85.971,4,GEN,AL,2,6
557,UP_17_5,-1,17,0,33.644,-87.197,5,GEN,AL,2,6
558,UP_17_6,-1,17,0,32.602,-87.781,6,GEN,AL,2,6
559,UP_17_7,-1,17,0,33.244,-86.457,7,GEN,AL,2,6
560,UP_17_8,-1,17,0,34.744,-87.849,8,GEN,AL,2,6
561,UP_17_9,-1,17,0,33.632,-87.06,9,GEN,AL,2,6
562,UP_17_10,-1,17,0,30.732,-88.077,10,GEN,AL,2,6
563,UP_17_11,-1,17,0,32.669,-86.72,11,GEN,AL,2,6
564,UP_17_12,-1,17,0,31.4,-86.477,12,GEN,AL,2,6
565,UP_17_13,-1,17,0,31.25,-88.016,13,GEN,AL,2,6
566,UP_17_14,-1,17,0,32.31,-86.524,14,GEN,AL,2,6
567,UP_17_15,-1,17,0,32.608,-85.098,15,GEN,AL,2,6
568,UP_17_16,-1,17,0,30.525,-88.129,16,GEN,AL,2,6
569,UP_17_17,-1,17,0,32.381,-86.574,17,GEN,AL,2,6
570,UP_17_18,-1,17,0,30.748,-88.058,18,GEN,AL,2,6
571,UP_17_19,-1,17,0,32.651,-86.738,19,GEN,AL,2,6
572,UP_17_20,-1,17,0,34.629,-87.021,20,GEN,AL,2,6
573,UP_17_21,-1,17,0,34.64,-87.064,21,GEN,AL,2,6
574,UP_17_22,-1,17,0,32.65,-86.74,22,GEN,AL,2,6
575,UP_17_23,-1,17,0,31.218,-89.394,23,GEN,MS,2,6
576,UP_17_24,-1,17,0,32.655,-88.762,24,GEN,MS,2,6
577,UP_17_25,-1,17,0,31.329,-89.268,25,GEN,MS,2,6
578,UP_17_26,-1,17,0,32.293,-88.746,26,GEN,MS,2,6
579,UP_17_27,-1,17,0,30.439,-89.029,27,GEN,MS,2,6
580,UP_17_28,-1,17,0,33.795,-90.714,28,GEN,MS,2,6
581,UP_17_29,-1,17,0,31.599,-91.346,29,GEN,MS,2,6
582,UP_17_30,-1,17,0,32.357,-90.213,30,GEN,MS,2,6
583,UP_17_31,-1,17,0,33.515,-90.207,31,GEN,MS,2,6
584,UP_17_32,-1,17,0,33.306,-90.11,32,GEN,MS,2,6
585,UP_17_33,-1,17,0,31.528,-89.3,33,GEN,MS,2,6
586,UP_17_34,-1,17,0,34.205,-90.578,34,GEN,MS,2,6
587,UP_17_35,-1,17,0,32.846,-90.421,35,GEN,MS,2,6
588,UP_17_36,-1,17,0,30.532,-88.555,36,GEN,MS,2,6
589,UP_17_37,-1,17,0,34.335,-89.927,37,GEN,MS,2,6
590,UP_17_38,-1,17,0,33.646,-88.272,38,GEN,MS,2,6
591,UP_17_39,-1,17,0,32.378,-90.217,39,GEN,MS,2,6
592,UP_17_40,-1,17,0,33.015,-89.675,40,GEN,MS,2,6
593,UP_17_41,-1,17,0,34.994,-90.038,41,GEN,MS,2,6
594,UP_17_42,-1,17,0,34.835,-89.203,42,GEN,MS,2,6
595,UP_17_43,-1,17,0,33.288,-89.42,43,GEN,MS,2,6
596,UP_18_1,-1,18,0,34.423,-92.141,1,GEN,AR,3,7
597,UP_18_2,-1,18,0,35.678,-91.409,2,GEN,AR,3,7
598,UP_18_3,-1,18,0,35.664,-89.949,3,GEN,AR,3,7
599,UP_18_4,-1,18,0,35.26,-91.363,4,GEN,AR,3,7
600,UP_18_5,-1,18,0,33.565,-92.792,5,GEN,AR,3,7
601,UP_18_6,-1,18,0,34.753,-92.199,6,GEN,AR,3,7
602,UP_18_7,-1,18,0,34.981,-90.872,7,GEN,AR,3,7
603,UP_18_8,-1,18,0,33.359,-93.465,8,GEN,AR,3,7
604,UP_18_9,-1,18,0,34.434,-92.905,9,GEN,AR,3,7
605,UP_18_10,-1,18,0,35.462,-93.805,10,GEN,AR,3,7
606,UP_18_11,-1,18,0,34.218,-91.903,11,GEN,AR,3,7
607,UP_18_12,-1,18,0,34.592,-92.216,12,GEN,AR,3,7
608,UP_18_13,-1,18,0,35.862,-90.025,13,GEN,AR,3,7
609,UP_18_14,-1,18,0,33.296,-92.593,14,GEN,AR,3,7
610,UP_18_15,-1,18,0,34.298,-92.868,15,GEN,AR,3,7
611,UP_18_16,-1,18,0,31.395,-92.717,16,GEN,LA,2,7
612,UP_18_17,-1,18,0,30.284,-93.291,17,GEN,LA,2,7
613,UP_18_18,-1,18,0,30.274,-91.116,18,GEN,LA,2,7
614,UP_18_19,-1,18,0,30.373,-91.908,19,GEN,LA,2,7
615,UP_18_20,-1,18,0,29.947,-90.146,20,GEN,LA,2,7
616,UP_18_21,-1,18,0,29.967,-90.093,21,GEN,LA,2,7
617,UP_18_22,-1,18,0,30.008,-89.937,22,GEN,LA,2,7
618,UP_18_23,-1,18,0,32.518,-93.761,23,GEN,LA,2,7
619,UP_18_24,-1,18,0,32.704,-93.959,24,GEN,LA,2,7
620,UP_18_25,-1,18,0,29.581,-90.723,25,GEN,LA,2,7
621,UP_18_26,-1,18,0,30.238,-92.046,26,GEN,LA,2,7
622,UP_18_27,-1,18,0,32.604,-93.294,27,GEN,LA,2,7
623,UP_18_28,-1,18,0,32.523,-92.179,28,GEN,LA,2,7
624,UP_18_29,-1,18,0,29.682,-91.177,29,GEN,LA,2,7
625,UP_18_30,-1,18,0,30.273,-91.257,30,GEN,LA,2,7
626,UP_18_31,-1,18,0,30.674,-91.356,31,GEN,LA,2,7
627,UP_18_32,-1,18,0,31.321,-92.461,32,GEN,LA,2,7
628,UP_18_33,-1,18,0,30.492,-91.186,33,GEN,LA,2,7
629,UP_18_34,-1,18,0,30.844,-92.261,34,GEN,LA,2,7
630,UP_18_35,-1,18,0,32.704,-92.079,35,GEN,LA,2,7
631,UP_18_36,-1,18,0,30.428,-92.411,36,GEN,LA,2,7
632,UP_18_37,-1,18,0,30.229,-91.065,37,GEN,LA,2,7
633,UP_18_38,-1,18,0,32.706,-92.068,38,GEN,LA,2,7
634,UP_18_39,-1,18,0,30.791,-89.909,39,GEN,LA,2,7
635,UP_18_40,-1,18,0,32.691,-92.018,40,GEN,LA,2,7
636,UP_18_41,-1,18,0,32.504,-93.749,41,GEN,LA,2,7
637,UP_18_42,-1,18,0,36.19,-95.289,42,GEN,OK,3,7
638,UP_18_43,-1,18,0,35.193,-94.646,43,GEN,OK,3,7
639,UP_18_44,-1,18,0,36.72,-97.086,44,GEN,OK,3,7
640,UP_18_45,-1,18,0,35.509,-97.179,45,GEN,OK,3,7
641,UP_18_46,-1,18,0,35.731,-95.376,46,GEN,OK,3,7
642,UP_18_47,-1,18,0,35.47,-97.675,47,GEN,OK,3,7
643,UP_18_48,-1,18,0,35.101,-98.352,48,GEN,OK,3,7
644,UP_18_49,-1,18,0,36.116,-95.991,49,GEN,OK,3,7
645,UP_18_50,-1,18,0,36.144,-97.068,50,GEN,OK,3,7
646,UP_18_51,-1,18,0,35.084,-98.23,51,GEN,OK,3,7
647,UP_18_52,-1,18,0,36.437,-99.225,52,GEN,OK,3,7
648,UP_18_53,-1,18,0,36.432,-95.701,53,GEN,OK,3,7
649,UP_18_54,-1,18,0,36.222,-95.277,54,GEN,OK,3,7
650,UP_18_55,-1,18,0,34.543,-98.324,55,GEN,OK,3,7
651,UP_18_56,-1,18,0,35.44,-97.65,56,GEN,OK,3,7
652,UP_18_57,-1,18,0,35.983,-95.934,57,GEN,OK,3,7
653,UP_18_58,-1,18,0,36.012,-95.697,58,GEN,OK,3,7
654,UP_18_59,-1,18,0,35.298,-97.59,59,GEN,OK,3,7
655,UP_18_60,-1,18,0,35.686,-97.226,60,GEN,OK,3,7
656,UP_18_61,-1,18,0,34.683,-95.935,61,GEN,OK,3,7
657,UP_18_62,-1,18,0,34.083,-99.175,62,GEN,TX,4,7
658,UP_18_63,-1,18,0,29.917,-96.751,63,GEN,TX,2,7
659,UP_18_64,-1,18,0,31.092,-96.695,64,GEN,TX,2,7
660,UP_18_65,-1,18,0,32.461,-94.485,65,GEN,TX,2,7
661,UP_18_66,-1,18,0,31.464,-96.958,66,GEN,TX,2,7
662,UP_18_67,-1,18,0,27.85,-97.617,67,GEN,TX,2,7
663,UP_18_68,-1,18,0,32.723,-96.936,68,GEN,TX,2,7
664,UP_18_69,-1,18,0,32.951,-96.975,69,GEN,TX,4,7
665,UP_18_70,-1,18,0,31.986,-106.432,70,GEN,TX,2,7
666,UP_18_71,-1,18,0,29.727,-95.06,71,GEN,TX,2,7
667,UP_18_72,-1,18,0,29.483,-95.631,72,GEN,TX,2,7
668,UP_18_73,-1,18,0,32.376,-94.641,73,GEN,TX,2,7
669,UP_18_74,-1,18,0,32.922,-94.716,74,GEN,TX,2,7
670,UP_18_75,-1,18,0,32.848,-94.548,75,GEN,TX,4,7
671,UP_18_76,-1,18,0,35.967,-101.865,76,GEN,TX,3,7
672,UP_18_77,-1,18,0,35.283,-101.746,77,GEN,TX,3,7
673,UP_18_78,-1,18,0,34.166,-102.411,78,GEN,TX,4,7
674,UP_18_79,-1,18,0,32.906,-97.479,79,GEN,TX,2,7
675,UP_18_80,-1,18,0,32.728,-97.219,80,GEN,TX,2,7
676,UP_18_81,-1,18,0,32.336,-100.916,81,GEN,TX,4,7
677,UP_18_82,-1,18,0,31.584,-102.963,82,GEN,TX,2,7
678,UP_18_83,-1,18,0,33.203,-96.811,83,GEN,TX,2,7
679,UP_18_84,-1,18,0,31.465,-96.985,84,GEN,TX,2,7
680,UP_18_85,-1,18,0,31.938,-94.988,85,GEN,TX,4,7
681,UP_18_86,-1,18,0,33.628,-96.368,86,GEN,TX,2,7
682,UP_18_87,-1,18,0,25.913,-97.521,87,GEN,TX,2,7
683,UP_18_88,-1,18,0,30.644,-96.373,88,GEN,TX,2,7
684,UP_18_89,-1,18,0,32.913,-96.623,89,GEN,TX,4,7
685,UP_18_90,-1,18,0,33.067,-96.453,90,GEN,TX,4,7
686,UP_18_91,-1,18,0,30.146,-97.271,91,GEN,TX,2,7
687,UP_18_92,-1,18,0,33.521,-101.791,92,GEN,TX,2,7
688,UP_18_93,-1,18,0,33.604,-101.841,93,GEN,TX,4,7
689,UP_18_94,-1,18,0,29.353,-98.576,94,GEN,TX,2,7
690,UP_18_95,-1,18,0,29.53,-98.418,95,GEN,TX,2,7
691,UP_18_96,-1,18,0,32.778,-97.696,96,GEN,TX,2,7
692,UP_18_97,-1,18,0,32.658,-98.31,97,GEN,TX,2,7
693,UP_18_98,-1,18,0,28.928,-99.092,98,GEN,TX,2,7
694,UP_18_99,-1,18,0,33.171,-96.126,99,GEN,TX,2,7
695,UP_18_100,-1,18,0,33.198,-97.106,100,GEN,TX,2,7
696,UP_18_101,-1,18,0,30.722,-96.461,101,GEN,TX,2,7
697,UP_18_102,-1,18,0,35.424,-100.841,102,GEN,TX,3,7
698,UP_18_103,-1,18,0,29.716,-95.227,103,GEN,TX,2,7
699,UP_18_104,-1,18,0,27.817,-97.417,104,GEN,TX,4,7
700,UP_18_105,-1,18,0,28.788,-97.01,105,GEN,TX,4,7
701,UP_18_106,-1,18,0,29.942,-95.531,106,GEN,TX,4,7
702,UP_18_107,-1,18,0,28.894,-97.135,107,GEN,TX,2,7
703,UP_18_108,-1,18,0,27.606,-97.312,108,GEN,TX,2,7
704,UP_18_109,-1,18,0,29.257,-98.383,109,GEN,TX,4,7
705,UP_18_110,-1,18,0,30.21,-97.613,110,GEN,TX,2,7
706,UP_18_111,-1,18,0,29.625,-95.067,111,GEN,TX,2,7
707,UP_18_112,-1,18,0,33.697,-95.558,112,GEN,TX,2,7
708,UP_18_113,-1,18,0,33.863,-98.589,113,GEN,TX,2,7
709,UP_18_114,-1,18,0,32.493,-100.363,114,GEN,TX,2,7
710,UP_18_115,-1,18,0,29.816,-95.108,115,GEN,TX,4,7
711,UP_18_116,-1,18,0,29.378,-94.943,116,GEN,TX,2,7
712,UP_18_117,-1,18,0,32.272,-101.422,117,GEN,TX,2,7
713,UP_18_118,-1,18,0,28.945,-95.315,118,GEN,TX,2,7
714,UP_18_119,-1,18,0,32.399,-97.408,119,GEN,TX,2,7
715,UP_18_120,-1,18,0,29.723,-95.177,120,GEN,TX,2,7
716,UP_18_121,-1,18,0,30.592,-95.918,121,GEN,TX,2,7
717,UP_18_122,-1,18,0,32.973,-102.742,122,GEN,TX,2,7
718,UP_18_123,-1,18,0,27.888,-97.257,123,GEN,TX,2,7
719,UP_18_124,-1,18,0,33.631,-95.59,124,GEN,TX,2,7
720,UP_18_125,-1,18,0,26.208,-98.399,125,GEN,TX,2,7
721,UP_18_126,-1,18,0,30.044,-93.771,126,GEN,TX,2,7
722,UP_18_127,-1,18,0,30.055,-93.757,127,GEN,TX,2,7
723,UP_18_128,-1,18,0,32.016,-94.619,128,GEN,TX,2,7
724,UP_18_129,-1,18,0,29.593,-97.973,129,GEN,TX,2,7
725,UP_18_130,-1,18,0,29.624,-98.142,130,GEN,TX,4,7
726,UP_18_131,-1,18,0,30.148,-97.271,131,GEN,TX,2,7
727,UP_18_132,-1,18,0,30.146,-97.55,132,GEN,TX,2,7
728,UP_18_133,-1,18,0,31.859,-97.359,133,GEN,TX,2,7
729,UP_18_134,-1,18,0,32.448,-94.69,134,GEN,TX,2,7
730,UP_18_135,-1,18,0,29.835,-95.128,135,GEN,TX,2,7
731,UP_18_136,-1,18,0,27.814,-97.428,136,GEN,TX,2,7
732,UP_18_137,-1,18,0,31.84,-102.326,137,GEN,TX,2,7
733,UP_18_138,-1,18,0,32.32,-96.675,138,GEN,TX,2,7
734,UP_18_139,-1,18,0,31.891,-96.113,139,GEN,TX,2,7
735,UP_18_140,-1,18,0,33.101,-97.957,140,GEN,TX,2,7
736,UP_18_141,-1,18,0,29.719,-95.232,141,GEN,TX,2,7
737,UP_18_142,-1,18,0,29.773,-94.902,142,GEN,TX,2,7
738,UP_18_143,-1,18,0,29.473,-95.624,143,GEN,TX,2,7
739,UP_18_144,-1,18,0,30.259,-93.735,144,GEN,TX,2,7
740,UP_18_145,-1,18,0,29.715,-95.136,145,GEN,TX,2,7
741,UP_18_146,-1,18,0,32.756,-96.491,146,GEN,TX,2,7
742,UP_18_147,-1,18,0,26.342,-98.176,147,GEN,TX,2,7
743,UP_18_148,-1,18,0,32.396,-94.437,148,GEN,TX,2,7
744,UP_18_149,-1,18,0,31.841,-102.315,149,GEN,TX,4,7
745,UP_18_150,-1,18,0,29.288,-96.068,150,GEN,TX,2,7
746,UP_18_151,-1,18,0,29.748,-94.927,151,GEN,TX,2,7
747,UP_19_1,-1,19,0,45.776,-108.481,1,GEN,MT,7,8
748,UP_19_2,-1,19,0,45.883,-106.614,2,GEN,MT,7,8
749,UP_19_3,-1,19,0,47.678,-104.156,3,GEN,MT,7,8
750,UP_19_4,-1,19,0,45.975,-106.654,4,GEN,MT,7,8
751,UP_19_5,-1,19,0,45.758,-107.6,5,GEN,MT,7,8
752,UP_19_6,-1,19,0,45.812,-108.428,6,GEN,MT,7,8
753,UP_19_7,-1,19,0,48.214,-104.398,7,GEN,MT,7,8
754,UP_19_8,-1,19,0,42.953,-115.294,8,GEN,ID,5,8
755,UP_19_9,-1,19,0,42.606,-113.684,9,GEN,ID,5,8
756,UP_19_10,-1,19,0,47.786,-116.92,10,GEN,ID,5,8
757,UP_19_11,-1,19,0,43.904,-116.82,11,GEN,ID,5,8
758,UP_19_12,-1,19,0,44.287,-105.388,12,GEN,WY,5,8
759,UP_19_13,-1,19,0,43.97,-104.411,13,GEN,WY,5,8
760,UP_19_14,-1,19,0,42.838,-105.777,14,GEN,WY,5,8
761,UP_19_15,-1,19,0,41.758,-110.598,15,GEN,WY,5,8
762,UP_19_16,-1,19,0,44.289,-105.385,16,GEN,WY,5,8
763,UP_19_17,-1,19,0,42.109,-104.883,17,GEN,WY,5,8
764,UP_19_18,-1,19,0,44.286,-105.383,18,GEN,WY,5,8
765,UP_19_19,-1,19,0,41.738,-108.788,19,GEN,WY,5,8
766,UP_19_20,-1,19,0,44.292,-105.381,20,GEN,WY,5,8
767,UP_19_21,-1,19,0,44.389,-105.461,21,GEN,WY,5,8
768,UP_19_22,-1,19,0,42.063,-104.184,22,GEN,WY,5,8
769,UP_20_1,-1,20,0,37.177,-104.489,1,GEN,CO,5,8
770,UP_20_2,-1,20,0,40.486,-107.185,2,GEN,CO,5,8
771,UP_20_3,-1,20,0,38.238,-108.507,3,GEN,CO,5,8
772,UP_20_4,-1,20,0,38.434,-105.25,4,GEN,CO,5,8
773,UP_20_5,-1,20,0,39.67,-105.003,5,GEN,CO,5,8
774,UP_20_6,-1,20,0,39.106,-108.366,6,GEN,CO,5,8
775,UP_20_7,-1,20,0,39.807,-104.964,7,GEN,CO,5,8
776,UP_20_8,-1,20,0,38.208,-104.574,8,GEN,CO,5,8
777,UP_20_9,-1,20,0,40.019,-105.202,9,GEN,CO,5,8
778,UP_20_10,-1,20,0,38.824,-104.833,10,GEN,CO,5,8
779,UP_20_11,-1,20,0,38.092,-102.615,11,GEN,CO,5,8
780,UP_20_12,-1,20,0,40.463,-107.591,12,GEN,CO,5,8
781,UP_20_13,-1,20,0,39.761,-105.215,13,GEN,CO,5,8
782,UP_20_14,-1,20,0,38.267,-104.614,14,GEN,CO,5,8
783,UP_20_15,-1,20,0,39.736,-105.019,15,GEN,CO,5,8
784,UP_20_16,-1,20,0,39.737,-105.017,16,GEN,CO,5,8
785,UP_20_17,-1,20,0,38.881,-104.817,17,GEN,CO,5,8
786,UP_20_18,-1,20,0,40.246,-104.874,18,GEN,CO,5,8
787,UP_20_19,-1,20,0,40.241,-103.631,19,GEN,CO,5,8
788,UP_20_20,-1,20,0,39.517,-107.73,20,GEN,CO,5,8
789,UP_20_21,-1,20,0,40.409,-104.684,21,GEN,CO,5,8
790,UP_20_22,-1,20,0,40.099,-104.774,22,GEN,CO,5,8
791,UP_20_23,-1,20,0,39.669,-105.002,23,GEN,CO,5,8
792,UP_20_24,-1,20,0,38.628,-104.707,24,GEN,CO,5,8
793,UP_20_25,-1,20,0,40.091,-104.595,25,GEN,CO,5,8
794,UP_20_26,-1,20,0,38.321,-104.526,26,GEN,CO,5,8
795,UP_20_27,-1,20,0,40.993,-103.192,27,GEN,CO,5,8
796,UP_20_28,-1,20,0,36.657,-114.633,28,GEN,NV,5,8
797,UP_20_29,-1,20,0,35.146,-114.592,29,GEN,NV,5,8
798,UP_20_30,-1,20,0,40.881,-117.151,30,GEN,NV,5,8
799,UP_20_31,-1,20,0,36.138,-115.036,31,GEN,NV,5,8
800,UP_20_32,-1,20,0,39.128,-117.132,32,GEN,NV,5,8
801,UP_20_33,-1,20,0,39.563,-117.525,33,GEN,NV,5,8
802,UP_20_34,-1,20,0,35.809,-115.411,34,GEN,NV,5,8
803,UP_20_35,-1,20,0,36.088,-115.051,35,GEN,NV,5,8
804,UP_20_36,-1,20,0,36.43,-114.902,36,GEN,NV,5,8
805,UP_20_37,-1,20,0,36.232,-115.122,37,GEN,NV,5,8
806,UP_20_38,-1,20,0,36.042,-115.012,38,GEN,NV,5,8
807,UP_20_39,-1,20,0,36.225,-114.878,39,GEN,NV,5,8
808,UP_20_40,-1,20,0,36.343,-114.921,40,GEN,NV,5,8
809,UP_20_41,-1,20,0,35.787,-114.993,41,GEN,NV,5,8
810,UP_20_42,-1,20,0,36.384,-114.922,42,GEN,NV,5,8
811,UP_20_43,-1,20,0,36.416,-114.961,43,GEN,NV,5,8
812,UP_20_44,-1,20,0,35.614,-115.356,44,GEN,NV,5,8
813,UP_20_45,-1,20,0,36.408,-114.961,45,GEN,NV,5,8
814,UP_20_46,-1,20,0,36.232,-115.124,46,GEN,NV,5,8
815,UP_20_47,-1,20,0,39.727,-110.864,47,GEN,UT,5,8
816,UP_20_48,-1,20,0,39.175,-111.029,48,GEN,UT,5,8
817,UP_20_49,-1,20,0,40.086,-109.284,49,GEN,UT,5,8
818,UP_20_50,-1,20,0,39.547,-110.392,50,GEN,UT,5,8
819,UP_20_51,-1,20,0,40.769,-111.929,51,GEN,UT,5,8
820,UP_20_52,-1,20,0,40.243,-111.665,52,GEN,UT,5,8
821,UP_20_53,-1,20,0,39.824,-111.9,53,GEN,UT,5,8
822,UP_20_54,-1,20,0,40.061,-111.729,54,GEN,UT,5,8
823,UP_20_55,-1,20,0,40.331,-111.754,55,GEN,UT,5,8
824,UP_21_1,-1,21,0,34.939,-110.303,1,GEN,AZ,5,8
825,UP_21_2,-1,21,0,32.16,-110.904,2,GEN,AZ,5,8
826,UP_21_3,-1,21,0,36.905,-111.389,3,GEN,AZ,5,8
827,UP_21_4,-1,21,0,34.319,-109.164,4,GEN,AZ,5,8
828,UP_21_5,-1,21,0,33.423,-111.912,5,GEN,AZ,5,8
829,UP_21_6,-1,21,0,33.556,-112.215,6,GEN,AZ,5,8
830,UP_21_7,-1,21,0,33.44,-111.944,7,GEN,AZ,5,8
831,UP_21_8,-1,21,0,33.356,-111.935,8,GEN,AZ,5,8
832,UP_21_9,-1,21,0,32.552,-111.3,9,GEN,AZ,5,8
833,UP_21_10,-1,21,0,32.721,-114.711,10,GEN,AZ,5,8
834,UP_21_11,-1,21,0,33.442,-112.158,11,GEN,AZ,5,8
835,UP_21_12,-1,21,0,32.06,-109.893,12,GEN,AZ,5,8
836,UP_21_13,-1,21,0,33.333,-111.75,13,GEN,AZ,5,8
837,UP_21_14,-1,21,0,32.71,-114.654,14,GEN,AZ,5,8
838,UP_21_15,-1,21,0,35.054,-114.133,15,GEN,AZ,5,8
839,UP_21_16,-1,21,0,32.904,-111.789,16,GEN,AZ,5,8
840,UP_21_17,-1,21,0,34.868,-114.532,17,GEN,AZ,5,8
841,UP_21_18,-1,21,0,33.342,-112.89,18,GEN,AZ,5,8
842,UP_21_19,-1,21,0,32.975,-112.694,19,GEN,AZ,5,8
843,UP_21_20,-1,21,0,33.474,-113.573,20,GEN,AZ,5,8
844,UP_21_21,-1,21,0,33.334,-112.841,21,GEN,AZ,5,8
845,UP_21_22,-1,21,0,33.348,-112.851,22,GEN,AZ,5,8
846,UP_21_23,-1,21,0,36.69,-108.481,23,GEN,NM,5,8
847,UP_21_24,-1,21,0,36.801,-108.438,24,GEN,NM,5,8
848,UP_21_25,-1,21,0,36.903,-104.439,25,GEN,NM,4,8
849,UP_21_26,-1,21,0,31.804,-106.547,26,GEN,NM,5,8
850,UP_21_27,-1,21,0,32.714,-103.301,27,GEN,NM,4,8
851,UP_21_28,-1,21,0,35.171,-106.602,28,GEN,NM,5,8
852,UP_21_29,-1,21,0,32.713,-103.353,29,GEN,NM,4,8
853,UP_21_30,-1,21,0,35.371,-106.485,30,GEN,NM,4,8
854,UP_21_31,-1,21,0,36.725,-108.191,31,GEN,NM,5,8
855,UP_21_32,-1,21,0,32.114,-106.846,32,GEN,NM,5,8
856,UP_21_33,-1,21,0,32.299,-107.783,33,GEN,NM,5,8
857,UP_21_34,-1,21,0,36.716,-108.215,34,GEN,NM,5,8
858,UP_21_35,-1,21,0,32.728,-103.309,35,GEN,NM,4,8
859,UP_22_1,-1,22,0,45.693,-119.809,1,GEN,OR,6,9
860,UP_22_2,-1,22,0,45.848,-119.674,2,GEN,OR,6,9
861,UP_22_3,-1,22,0,45.833,-119.667,3,GEN,OR,6,9
862,UP_22_4,-1,22,0,46.173,-123.174,4,GEN,OR,6,9
863,UP_22_5,-1,22,0,45.804,-119.37,5,GEN,OR,6,9
864,UP_22_6,-1,22,0,42.174,-121.811,6,GEN,OR,6,9
865,UP_22_7,-1,22,0,45.793,-119.312,7,GEN,OR,6,9
866,UP_22_8,-1,22,0,46.179,-123.172,8,GEN,OR,6,9
867,UP_22_9,-1,22,0,46.756,-122.86,9,GEN,WA,6,9
868,UP_22_10,-1,22,0,48.746,-122.486,10,GEN,WA,6,9
869,UP_22_11,-1,22,0,46.969,-123.48,11,GEN,WA,6,9
870,UP_22_12,-1,22,0,48.471,-122.56,12,GEN,WA,6,9
871,UP_22_13,-1,22,0,48.99,-122.273,13,GEN,WA,6,9
872,UP_22_14,-1,22,0,48.828,-122.685,14,GEN,WA,6,9
873,UP_22_15,-1,22,0,45.811,-120.833,15,GEN,WA,6,9
874,UP_22_16,-1,22,0,46.623,-122.913,16,GEN,WA,6,9
875,UP_22_17,-1,22,0,46.14,-122.984,17,GEN,WA,6,9
876,UP_22_18,-1,22,0,47.086,-122.364,18,GEN,WA,6,9
877,UP_23_1,-1,23,0,35.766,-117.383,1,GEN,CA,6,9
878,UP_23_2,-1,23,0,37.912,-121.261,2,GEN,CA,6,9
879,UP_23_3,-1,23,0,35.741,-119.051,3,GEN,CA,6,9
880,UP_23_4,-1,23,0,35.547,-119.075,4,GEN,CA,6,9
881,UP_23_5,-1,23,0,37.945,-121.326,5,GEN,CA,6,9
882,UP_23_6,-1,23,0,35.576,-119.006,6,GEN,CA,6,9
883,UP_23_7,-1,23,0,40.762,-124.163,7,GEN,CA,6,9
884,UP_23_8,-1,23,0,35.372,-120.856,8,GEN,CA,6,9
885,UP_23_9,-1,23,0,33.136,-117.336,9,GEN,CA,6,9
886,UP_23_10,-1,23,0,32.613,-117.096,10,GEN,CA,6,9
887,UP_23_11,-1,23,0,33.769,-118.101,11,GEN,CA,6,9
888,UP_23_12,-1,23,0,34.861,-116.854,12,GEN,CA,6,9
889,UP_23_13,-1,23,0,33.848,-118.402,13,GEN,CA,6,9
890,UP_23_14,-1,23,0,33.918,-118.428,14,GEN,CA,6,9
891,UP_23_15,-1,23,0,34.117,-118.117,15,GEN,CA,6,9
892,UP_23_16,-1,23,0,34.176,-118.315,16,GEN,CA,6,9
893,UP_23_17,-1,23,0,38.031,-121.87,17,GEN,CA,6,9
894,UP_23_18,-1,23,0,38.016,-121.86,18,GEN,CA,6,9
895,UP_23_19,-1,23,0,38.011,-121.781,19,GEN,CA,6,9
896,UP_23_20,-1,23,0,38.011,-121.756,20,GEN,CA,6,9
897,UP_23_21,-1,23,0,38.043,-121.987,21,GEN,CA,6,9
898,UP_23_22,-1,23,0,36.27,-119.648,22,GEN,CA,6,9
899,UP_23_23,-1,23,0,36.804,-121.784,23,GEN,CA,6,9
900,UP_23_24,-1,23,0,34.082,-117.242,24,GEN,CA,6,9
901,UP_23_25,-1,23,0,34.156,-118.278,25,GEN,CA,6,9
902,UP_23_26,-1,23,0,32.802,-115.54,26,GEN,CA,6,9
903,UP_23_27,-1,23,0,33.786,-118.264,27,GEN,CA,6,9
904,UP_23_28,-1,23,0,33.765,-118.099,28,GEN,CA,6,9
905,UP_23_29,-1,23,0,34.245,-118.391,29,GEN,CA,6,9
906,UP_23_30,-1,23,0,37.653,-121.02,30,GEN,CA,6,9
907,UP_23_31,-1,23,0,40.507,-122.423,31,GEN,CA,6,9
908,UP_23_32,-1,23,0,38.446,-121.462,32,GEN,CA,6,9
909,UP_23_33,-1,23,0,38.531,-121.4,33,GEN,CA,6,9
910,UP_23_34,-1,23,0,38.511,-121.473,34,GEN,CA,6,9
911,UP_23_35,-1,23,0,37,-121.537,35,GEN,CA,6,9
912,UP_23_36,-1,23,0,36.617,-120.1,36,GEN,CA,6,9
913,UP_23_37,-1,23,0,37.43,-122.176,37,GEN,CA,6,9
914,UP_23_38,-1,23,0,33.876,-118.249,38,GEN,CA,6,9
915,UP_23_39,-1,23,0,36.225,-121.128,39,GEN,CA,6,9
916,UP_23_40,-1,23,0,38.024,-122.059,40,GEN,CA,6,9
917,UP_23_41,-1,23,0,39.053,-121.696,41,GEN,CA,6,9
918,UP_23_42,-1,23,0,36.54,-119.579,42,GEN,CA,6,9
919,UP_23_43,-1,23,0,34.38,-118.5,43,GEN,CA,6,9
920,UP_23_44,-1,23,0,32.735,-117.208,44,GEN,CA,6,9
921,UP_23_45,-1,23,0,32.679,-117.123,45,GEN,CA,6,9
922,UP_23_46,-1,23,0,32.705,-117.189,46,GEN,CA,6,9
923,UP_23_47,-1,23,0,35.043,-117.645,47,GEN,CA,6,9
924,UP_23_48,-1,23,0,33.777,-118.23,48,GEN,CA,6,9
925,UP_23_49,-1,23,0,37.406,-121.927,49,GEN,CA,6,9
926,UP_23_50,-1,23,0,33.989,-117.681,50,GEN,CA,6,9
927,UP_23_51,-1,23,0,34.159,-119.046,51,GEN,CA,6,9
928,UP_23_52,-1,23,0,33.991,-118.068,52,GEN,CA,6,9
929,UP_23_53,-1,23,0,36.911,-121.767,53,GEN,CA,6,9
930,UP_23_54,-1,23,0,37.367,-121.925,54,GEN,CA,6,9
931,UP_23_55,-1,23,0,33.118,-117.099,55,GEN,CA,6,9
932,UP_23_56,-1,23,0,38.057,-122.216,56,GEN,CA,6,9
933,UP_23_57,-1,23,0,35.209,-119.585,57,GEN,CA,6,9
934,UP_23_58,-1,23,0,38.03,-121.873,58,GEN,CA,6,9
935,UP_23_59,-1,23,0,33.616,-114.686,59,GEN,CA,6,9
936,UP_23_60,-1,23,0,38.017,-121.844,60,GEN,CA,6,9
937,UP_23_61,-1,23,0,32.581,-116.918,61,GEN,CA,6,9
938,UP_23_62,-1,23,0,37.221,-121.746,62,GEN,CA,6,9
939,UP_23_63,-1,23,0,35.28,-119.471,63,GEN,CA,6,9
940,UP_23_64,-1,23,0,34.595,-117.364,64,GEN,CA,6,9
941,UP_23_65,-1,23,0,34.956,-118.844,65,GEN,CA,6,9
942,UP_23_66,-1,23,0,37.425,-121.932,66,GEN,CA,6,9
943,UP_23_67,-1,23,0,38.346,-121.217,67,GEN,CA,6,9
944,UP_23_68,-1,23,0,33.12,-117.118,68,GEN,CA,6,9
945,UP_23_69,-1,23,0,37.377,-121.951,69,GEN,CA,6,9
946,UP_23_70,-1,23,0,33.999,-118.222,70,GEN,CA,6,9
947,UP_23_71,-1,23,0,34.179,-118.315,71,GEN,CA,6,9
948,UP_23_72,-1,23,0,37.488,-120.896,72,GEN,CA,6,9
949,UP_23_73,-1,23,0,38.793,-121.381,73,GEN,CA,6,9
950,UP_23_74,-1,23,0,33.891,-117.608,74,GEN,CA,6,9
951,UP_23_75,-1,23,0,37.05,-122.001,75,GEN,CA,6,9
952,UP_23_76,-1,23,0,38.014,-121.766,76,GEN,CA,6,9
953,UP_23_77,-1,23,0,39.366,-122.27,77,GEN,CA,6,9
954,UP_23_78,-1,23,0,37.483,-120.868,78,GEN,CA,6,9
955,UP_23_79,-1,23,0,37.659,-122.059,79,GEN,CA,6,9
956,UP_23_80,-1,23,0,37.724,-122.478,80,GEN,CA,6,9
957,UP_23_81,-1,23,0,34.029,-117.601,81,GEN,CA,6,9
958,UP_23_82,-1,23,0,37.433,-121.942,82,GEN,CA,6,9
959,UP_23_83,-1,23,0,34.136,-118.127,83,GEN,CA,6,9
960,UP_23_84,-1,23,0,36.684,-119.552,84,GEN,CA,6,9
961,UP_23_85,-1,23,0,32.877,-117.235,85,GEN,CA,6,9
962,UP_23_86,-1,23,0,32.543,-117.068,86,GEN,CA,6,9
963,UP_23_87,-1,23,0,38.466,-122.723,87,GEN,CA,6,9
964,UP_23_88,-1,23,0,38.188,-122.271,88,GEN,CA,6,9
965,UP_23_89,-1,23,0,37.413,-122.028,89,GEN,CA,6,9
966,UP_23_90,-1,23,0,37.543,-122.293,90,GEN,CA,6,9
967,UP_23_91,-1,23,0,37.331,-121.893,91,GEN,CA,6,9
968,UP_23_92,-1,23,0,38.088,-121.388,92,GEN,CA,6,9
